pearson_correlation,pearson_p_value,spearman_correlation,spearman_p_value,similarity,kl_divergence,js_divergence,image_idx,image_name
0.30388898,0.0,0.3922990088502303,0.0,0.6092922,1.1972053,0.38407704,0,COCO_val2014_000000000133.jpg
0.33717293,0.0,0.5260006390652855,0.0,0.48634875,0.850111,0.44413388,1,COCO_val2014_000000000164.jpg
0.61991847,0.0,0.6302023288240399,0.0,0.4444703,1.0071557,0.4987953,2,COCO_val2014_000000000192.jpg
0.415125,0.0,0.6045967513459434,0.0,0.6305267,0.44889563,0.33503208,3,COCO_val2014_000000000196.jpg
0.025321933,9.248486280239852e-45,0.04344251185843236,3.2162002907517015e-128,0.26941225,2.30404,0.6412452,4,COCO_val2014_000000000208.jpg
0.38122487,0.0,0.6793093855403362,0.0,0.49603203,0.8602976,0.44088387,5,COCO_val2014_000000000257.jpg
0.42288044,0.0,0.5684012570117108,0.0,0.36704975,1.190323,0.5494311,6,COCO_val2014_000000000387.jpg
-0.25066772,0.0,-0.2166730203854625,0.0,0.44472918,1.1736866,0.5025782,7,COCO_val2014_000000000397.jpg
0.49665135,0.0,0.6893059091597635,0.0,0.59134185,0.6125735,0.3816952,8,COCO_val2014_000000000520.jpg
0.4008903,0.0,0.33423843704556916,0.0,0.41034907,0.99129623,0.51530445,9,COCO_val2014_000000000569.jpg
0.40008724,0.0,0.5107328909109659,0.0,0.31237188,1.3559558,0.58536977,10,COCO_val2014_000000000589.jpg
-0.13063103,0.0,0.03959177160361075,8.195952940542385e-107,0.118246555,2.857967,0.7312765,11,COCO_val2014_000000000675.jpg
0.38383043,0.0,0.6615635800127063,0.0,0.41022512,1.2050363,0.5090586,12,COCO_val2014_000000000692.jpg
0.53550804,0.0,0.6219211462603024,0.0,0.64539427,0.6000043,0.35584584,13,COCO_val2014_000000000711.jpg
0.23417526,0.0,0.2675109872817694,0.0,0.6034327,0.8026671,0.3873559,14,COCO_val2014_000000000715.jpg
-0.11893706,0.0,-0.06926224181662176,0.0,0.23456009,1.8740433,0.6453417,15,COCO_val2014_000000000761.jpg
0.44466147,0.0,0.5852541652110806,0.0,0.4588572,1.0541997,0.4882863,16,COCO_val2014_000000000810.jpg
0.14626244,0.0,0.17458269855117783,0.0,0.51227146,1.0310987,0.46301582,17,COCO_val2014_000000000939.jpg
0.3583572,0.0,0.496010113637831,0.0,0.5740674,0.6321024,0.405705,18,COCO_val2014_000000000987.jpg
-0.10704021,0.0,0.09641766062829007,0.0,0.24756837,1.7881389,0.6351258,19,COCO_val2014_000000001000.jpg
0.16883527,0.0,0.31133517056256843,0.0,0.42542154,0.9930342,0.5083522,20,COCO_val2014_000000001270.jpg
0.0070511457,9.30037619689756e-05,0.052379040794127724,1.484504602729148e-185,0.38880467,1.3400966,0.54074407,21,COCO_val2014_000000001342.jpg
0.21371458,0.0,0.37586746087929157,0.0,0.27144656,1.5755165,0.61564845,22,COCO_val2014_000000001369.jpg
0.4571055,0.0,0.613776159987225,0.0,0.42618325,0.943237,0.5002515,23,COCO_val2014_000000001532.jpg
0.6063827,0.0,0.5655658088604003,0.0,0.428795,1.4499925,0.5247689,24,COCO_val2014_000000001561.jpg
0.09566039,0.0,0.16525852928024037,0.0,0.3266188,1.693232,0.59606344,25,COCO_val2014_000000001573.jpg
0.008038992,8.361264061526236e-06,0.008047448619166599,8.180574364689793e-06,0.22450887,2.0454621,0.6555329,26,COCO_val2014_000000001599.jpg
0.41659808,0.0,0.5196765807040022,0.0,0.5207357,0.82640207,0.44451588,27,COCO_val2014_000000001668.jpg
-0.06720455,2.332800362013258e-304,0.1500091939862954,0.0,0.1375076,2.969337,0.71758294,28,COCO_val2014_000000001675.jpg
0.4320442,0.0,0.5867253480508968,0.0,0.43374646,1.2076287,0.52500165,29,COCO_val2014_000000001700.jpg
0.7024894,0.0,0.6882431872434334,0.0,0.59225214,0.677099,0.38710406,30,COCO_val2014_000000001799.jpg
0.16206056,0.0,0.37410611689666684,0.0,0.49343666,0.9018809,0.46682206,31,COCO_val2014_000000002006.jpg
0.33446118,0.0,0.2752459367261925,0.0,0.4410815,1.6899543,0.51650167,32,COCO_val2014_000000002124.jpg
0.1857239,0.0,0.37189007078198877,0.0,0.27939922,1.5764836,0.6124476,33,COCO_val2014_000000002153.jpg
0.14070171,0.0,-0.057928403248076354,1.476229449048041e-226,0.30539078,6.372332,0.60308635,34,COCO_val2014_000000002154.jpg
0.38945496,0.0,0.5349862711596857,0.0,0.5434331,0.7218998,0.41710928,35,COCO_val2014_000000002179.jpg
0.23920456,0.0,0.4138044625610337,0.0,0.43625456,1.8795247,0.5301746,36,COCO_val2014_000000002302.jpg
0.57446766,0.0,0.7092826926958339,0.0,0.5517377,0.67841846,0.41291362,37,COCO_val2014_000000002346.jpg
0.36102134,0.0,0.5281269334740022,0.0,0.5457374,0.78762126,0.42849633,38,COCO_val2014_000000002434.jpg
0.23028,0.0,0.6031092812102582,0.0,0.47573042,0.8404043,0.45275995,39,COCO_val2014_000000002640.jpg
0.23177148,0.0,0.5004222426939775,0.0,0.43023545,1.2118394,0.5105104,40,COCO_val2014_000000002822.jpg
0.05716582,1.1190677718122556e-220,0.2167980442103679,0.0,0.3081029,1.9623289,0.586506,41,COCO_val2014_000000002839.jpg
0.40643865,0.0,0.5040882728868453,0.0,0.52679247,1.0814027,0.45351636,42,COCO_val2014_000000003001.jpg
0.46099612,0.0,0.4781922979029877,0.0,0.5104086,1.4419687,0.4739828,43,COCO_val2014_000000003067.jpg
0.4456344,0.0,0.47335351477452586,0.0,0.5800657,0.7338483,0.39802867,44,COCO_val2014_000000003091.jpg
0.48237923,0.0,0.5533989843092572,0.0,0.5141487,0.9186366,0.45794803,45,COCO_val2014_000000003093.jpg
-0.061341073,7.868894496851806e-254,0.009799757052120016,5.582440472826741e-08,0.41627157,0.9986537,0.5156704,46,COCO_val2014_000000003192.jpg
0.5057007,0.0,0.4651606299605474,0.0,0.48320103,1.0572968,0.4818064,47,COCO_val2014_000000003326.jpg
0.2855969,0.0,0.4844000398768249,0.0,0.50396657,1.0392139,0.44662592,48,COCO_val2014_000000003580.jpg
0.64834666,0.0,0.5968934260470962,0.0,0.54213697,0.6498285,0.427258,49,COCO_val2014_000000003590.jpg
